{"initial": {"X": -305.79221570737224, "Y": -322.9682593145213, "ZZ1": -65.61000280730428, "ZZ2": -64.74430950178139, "ZZ3": 3.6181640625e-07, "ZZ4": 4.5907646093749996e-07}, "nPDMS@mark": {"X": -308.62226054707145, "Y": -402.9030871732341, "ZZ1": -135.3017340104082}, "nPDMS@start": {"X": -308.2423064232218, "Y": -399.30317697760245, "ZZ1": -135.30173175973684}, "nPDMS@cal": {"X": -114.99533679599344, "Y": -379.37866240568144, "ZZ1": -113.31173333038993}, "nPDMSred@mark": {"X": -414.7240516569106, "Y": -403.0531342885431, "ZZ2": -127.61104848806654}, "safeZZ1": {"ZZ1": -65.61000280730428}, "safeZZ2": {"ZZ2": -64.74430950178139}, "safeZZ3": {"ZZ3": 3.6181640625e-07}, "safeZZ4": {"ZZ4": 4.5907646093749996e-07}, "nPDMSslide@start": {"X": -308.2423064232218, "Y": -399.30317697760245, "ZZ1": -135.30173175973684}, "nPDMSred@start": {"X": -414.34409753306096, "Y": -399.45322409291146, "ZZ2": -127.61104623739517}, "nPDMSredslide@start": {"X": -414.34409753306096, "Y": -399.45322409291146, "ZZ2": -127.61104623739517}, "nPDMSred@cal": {"X": -221.0971279058326, "Y": -379.52870952099045, "ZZ2": -105.62104780804826}}