{"initial": {"X": -305.79221570737224, "Y": -322.9682593145213, "ZZ1": -65.61000280730428, "ZZ2": -64.74430950178139, "ZZ3": 3.6181640625e-07, "ZZ4": 4.5907646093749996e-07}, "nPDMS@mark": {"X": -309.4621978677976, "Y": -402.8292853818882, "ZZ1": -135.44433438165544}, "nPDMS@start": {"X": -308.2423064232218, "Y": -399.30317697760245, "ZZ1": -135.30173175973684}, "nPDMS@cal": {"X": -114.99533679599344, "Y": -379.37866240568144, "ZZ1": -113.31173333038993}, "nPDMSred@mark": {"X": -414.7240516569106, "Y": -403.0531342885431, "ZZ2": -127.61104848806654}, "safeZZ1": {"ZZ1": -65.61000280730428}, "safeZZ2": {"ZZ2": -64.74430950178139}, "safeZZ3": {"ZZ3": 3.6181640625e-07}, "safeZZ4": {"ZZ4": 4.5907646093749996e-07}, "nPDMSslide@start": {"X": -308.2423064232218, "Y": -399.30317697760245, "ZZ1": -135.30173175973684}, "nPDMSred@start": {"X": -413.5041602123348, "Y": -399.52702588425734, "ZZ2": -127.46844586614795}, "nPDMSredslide@start": {"X": -413.5041602123348, "Y": -399.52702588425734, "ZZ2": -127.46844586614795}, "nPDMSred@cal": {"X": -220.25719058510643, "Y": -379.60251131233633, "ZZ2": -105.47844743680103}}