{"initial": {"X": -310.94996038777344, "Y": -299.45231502837953, "ZZ1": -65.61000233602783, "ZZ2": -64.74430887611068, "ZZ3": 1.329345703125e-07, "ZZ4": 5.3369140625e-07}, "nPDMS@mark": {"X": -291.8394753209965, "Y": -405.9127100737882, "ZZ1": -132.49000005301025}, "nPDMS@start": {"X": -289.6395783186689, "Y": -402.712679598407, "ZZ1": -132.49000112875487}, "nPDMS@cal": {"X": -102.04894967626747, "Y": -380.49370327869974, "ZZ1": -105.0400000502661}, "nAgTPU@mark": {"X": -409.4046088517666, "Y": -402.9098878007497, "ZZ2": -128.6368808649531}, "safeZZ1": {"ZZ1": -65.61000233602783}, "safeZZ2": {"ZZ2": -64.74430887611068}, "safeZZ3": {"ZZ3": 1.329345703125e-07}, "safeZZ4": {"ZZ4": 5.3369140625e-07}, "nPDMSslide@start": {"X": -289.6395783186689, "Y": -402.712679598407, "ZZ1": -132.49000112875487}, "nAgTPU@start": {"X": -407.20471184943904, "Y": -399.7098573253685, "ZZ2": -128.63688194069772}, "nAgTPUslide@start": {"X": -407.20471184943904, "Y": -399.7098573253685, "ZZ2": -128.63688194069772}, "nAgTPU@cal": {"X": -219.6140832070376, "Y": -377.4908810056612, "ZZ2": -101.18688086220895}}