{"initial": {"X": -297.87916801792363, "Y": -330.83625458257296, "ZZ1": -66.30000187585937, "ZZ2": -64.74430980947783, "ZZ3": -34.52999593274505, "ZZ4": -11.180000165783692}, "nstuff@mark": {"X": -306.6154118433255, "Y": -401.5201936765251, "ZZ1": -125.4546053237337}, "nstuff@start": {"X": -296.05895636144027, "Y": -392.42845148983645, "ZZ1": -125.45460649866045}, "nstuff@cal": {"X": -122.14450766703672, "Y": -384.681683807487, "ZZ1": -90.18460522208774}, "TProbe@mark": {"X": -477.59449770464414, "Y": -403.01088198122414, "ZZ3": -100.98999569333493}, "TProbe@TP_init": {"X": -200, "Y": -250, "ZZ3": -50}, "camera@mark": {"X": -296.80016623481964, "Y": -403.01079872934076, "ZZ4": -26.21005795446045}, "safeZZ1": {"ZZ1": -66.30000187585937}, "safeZZ2": {"ZZ2": -64.74430980947783}, "safeZZ3": {"ZZ3": -34.52999593274505}, "safeZZ4": {"ZZ4": -11.180000165783692}, "nstuffslide@start": {"X": -296.05895636144027, "Y": -392.42845148983645, "ZZ1": -125.45460649866045}, "TProbe@start": {"X": -467.0380422227589, "Y": -393.9191397945355, "ZZ3": -100.98999686826168}, "TProbeslide@start": {"X": -467.0380422227589, "Y": -393.9191397945355, "ZZ3": -100.98999686826168}, "TProbe@cal": {"X": -293.1235935283554, "Y": -386.17237211218605, "ZZ3": -65.71999559168897}, "camera@start": {"X": -286.2437107529344, "Y": -393.91905654265213, "ZZ4": -26.210059129387204}, "cameraslide@start": {"X": -286.2437107529344, "Y": -393.91905654265213, "ZZ4": -26.210059129387204}, "camera@cal": {"X": -112.32926205853087, "Y": -386.1722888603027, "ZZ4": 9.05994214718551}}