{"initial": {"X": -348.512903461022, "Y": -295.38871538920915, "ZZ1": -66.30000181387925, "ZZ2": -64.74430959353545, "ZZ3": -54.870000618557114, "ZZ4": 2.2521972656249995e-08}, "nstuff@mark": {"X": -309.4582307900252, "Y": -402.89875290031426, "ZZ1": -135.4175642909734}, "nstuff@start": {"X": -306.9974879901636, "Y": -400.46327379884343, "ZZ1": -135.41755947682543}, "nstuff@cal": {"X": -115.98810315470327, "Y": -375.1632142893688, "ZZ1": -115.26755950691336}, "TProbe@mark": {"X": -489.9480563993124, "Y": -409.30326373286607, "ZZ3": -103.43000059362792}, "TProbe@TP_init": {"X": -200, "Y": -250, "ZZ3": -50}, "safeZZ1": {"ZZ1": -66.30000181387925}, "safeZZ2": {"ZZ2": -64.74430959353545}, "safeZZ3": {"ZZ3": -54.870000618557114}, "safeZZ4": {"ZZ4": 2.2521972656249995e-08}, "nstuffslide@start": {"X": -306.9974879901636, "Y": -400.46327379884343, "ZZ1": -135.41755947682543}, "TProbe@start": {"X": -487.48731359945083, "Y": -406.86778463139524, "ZZ3": -103.42999577947997}, "TProbeslide@start": {"X": -487.48731359945083, "Y": -406.86778463139524, "ZZ3": -103.42999577947997}, "TProbe@cal": {"X": -296.47792876399046, "Y": -381.5677251219206, "ZZ3": -83.2799958095679}}