{"initial": {"X": -386.29985263124024, "Y": -184.39993492978815, "ZZ1": -76.66016921366777, "ZZ2": -0.0018051212702823386, "ZZ3": -38.970000735942385, "ZZ4": -8.992491292731957}, "nAgPMMA@mark": {"X": -308.4636445725065, "Y": -300.61401620689213, "ZZ1": -95.34312661519155}, "nAgPMMA@start": {"X": -303.70053452208316, "Y": -290.22882811454946, "ZZ1": -95.30312654378284}, "nAgPMMA@cal": {"X": -167.0953993816586, "Y": -312.3947349837942, "ZZ1": -94.02066473663572}, "TProbe@mark": {"X": -490.3058737060072, "Y": -306.7981349770108, "ZZ3": -65.39656597293585}, "TProbe@TP_init": {"X": -200, "Y": -250, "ZZ3": -50}, "camera@mark": {"X": -620.9552308934552, "Y": -302.6706072539486, "ZZ4": -10.07850313538023}, "safeZZ1": {"ZZ1": -76.66016921366777}, "safeZZ2": {"ZZ2": -0.0018051212702823386}, "safeZZ3": {"ZZ3": -38.970000735942385}, "safeZZ4": {"ZZ4": -8.992491292731957}, "nAgPMMAslide@start": {"X": -303.70053452208316, "Y": -290.22882811454946, "ZZ1": -95.30312654378284}, "TProbe@start": {"X": -485.5427636555839, "Y": -296.41294688466814, "ZZ3": -65.35656590152713}, "TProbeslide@start": {"X": -485.5427636555839, "Y": -296.41294688466814, "ZZ3": -65.35656590152713}, "TProbe@cal": {"X": -348.9376285151593, "Y": -318.5788537539129, "ZZ3": -64.07410409438002}, "camera@start": {"X": -616.192120843032, "Y": -292.28541916160594, "ZZ4": -10.038503063971518}, "cameraslide@start": {"X": -616.192120843032, "Y": -292.28541916160594, "ZZ4": -10.038503063971518}, "camera@cal": {"X": -479.5869857026073, "Y": -314.4513260308507, "ZZ4": -8.756041256824403}}