{"initial": {"X": -296.80006122384987, "Y": -403.01085044138074, "ZZ1": -82.73460529720761, "ZZ2": -64.74431006887724, "ZZ3": -62.93999574115051, "ZZ4": -16.330067784015952}, "nstuff@mark": {"X": -309.3002543316002, "Y": -402.76075619205795, "ZZ1": -126.53460589180344}, "nstuff@start": {"X": -299.3001967765296, "Y": -392.76086471852665, "ZZ1": -126.53460604439131}, "nstuff@cal": {"X": -115.13121126788532, "Y": -372.93365808054875, "ZZ1": -89.75460516485704}, "TProbe@mark": {"X": -488.9041304911924, "Y": -409.17165919126165, "ZZ3": -103.41571445902703}, "TProbe@TP_init": {"X": -200, "Y": -250, "ZZ3": -50}, "camera@mark": {"X": -305.52378362931654, "Y": -400.9766431801681, "ZZ4": -24.101569576041758}, "safeZZ1": {"ZZ1": -82.73460529720761}, "safeZZ2": {"ZZ2": -64.74431006887724}, "safeZZ3": {"ZZ3": -62.93999574115051}, "safeZZ4": {"ZZ4": -16.330067784015952}, "nstuffslide@start": {"X": -299.3001967765296, "Y": -392.76086471852665, "ZZ1": -126.53460604439131}, "TProbe@start": {"X": -478.90407293612185, "Y": -399.17176771773035, "ZZ3": -103.4157146116149}, "TProbeslide@start": {"X": -478.90407293612185, "Y": -399.17176771773035, "ZZ3": -103.4157146116149}, "TProbe@cal": {"X": -294.73508742747754, "Y": -379.34456107975245, "ZZ3": -66.63571373208063}, "camera@start": {"X": -295.523726074246, "Y": -390.9767517066368, "ZZ4": -24.101569728629627}, "cameraslide@start": {"X": -295.523726074246, "Y": -390.9767517066368, "ZZ4": -24.101569728629627}, "camera@cal": {"X": -111.35474056560169, "Y": -371.1495450686589, "ZZ4": 12.678431150904643}}