{"initial": {"X": -430.92764304494403, "Y": -174.1648498352693, "ZZ1": -66.7192082353871, "ZZ2": -0.0018065253319400976, "ZZ3": -53.5577654371406, "ZZ4": -5.106651026972529}, "nAgPMMA@mark": {"X": -308.4463438773963, "Y": -300.8280619156078, "ZZ1": -95.33304539421522}, "nAgPMMA@start": {"X": -302.4463402669151, "Y": -294.828195583609, "ZZ1": -95.30304558289198}, "nAgPMMA@cal": {"X": -160.84633135358465, "Y": -312.79870659659264, "ZZ1": -86.51304327716927}, "TProbe@mark": {"X": -490.466296538616, "Y": -306.99531945349577, "ZZ3": -65.41103927904865}, "TProbe@TP_init": {"X": -200, "Y": -250, "ZZ3": -50}, "camera@mark": {"X": -620.6599978777069, "Y": -302.7776693180762, "ZZ4": -10.206589623699179}, "safeZZ1": {"ZZ1": -66.7192082353871}, "safeZZ2": {"ZZ2": -0.0018065253319400976}, "safeZZ3": {"ZZ3": -53.5577654371406}, "safeZZ4": {"ZZ4": -5.106651026972529}, "nAgPMMAslide@start": {"X": -302.4463402669151, "Y": -294.828195583609, "ZZ1": -95.30304558289198}, "TProbe@start": {"X": -484.4662929281348, "Y": -300.99545312149695, "ZZ3": -65.38103946772542}, "TProbeslide@start": {"X": -484.4662929281348, "Y": -300.99545312149695, "ZZ3": -65.38103946772542}, "TProbe@cal": {"X": -342.86628401480436, "Y": -318.9659641344806, "ZZ3": -56.591037162002706}, "camera@start": {"X": -614.6599942672258, "Y": -296.7778029860774, "ZZ4": -10.176589812375937}, "cameraslide@start": {"X": -614.6599942672258, "Y": -296.7778029860774, "ZZ4": -10.176589812375937}, "camera@cal": {"X": -473.0599853538953, "Y": -314.74831399906105, "ZZ4": -1.3865875066532283}}