{"initial": {"X": -421.3847346318074, "Y": -189.62170442223288, "ZZ1": -75.83016972082783, "ZZ2": -0.001805960503680776, "ZZ3": -49.640644716420006, "ZZ4": -9.87178748572177}, "nAgPMMA@mark": {"X": -308.45102839768083, "Y": -300.6676535819526, "ZZ1": -95.04016914783897}, "nAgPMMA@start": {"X": -302.4510368348875, "Y": -294.6676789158593, "ZZ1": -95.00016940449422}, "nAgPMMA@cal": {"X": -167.23913059407587, "Y": -308.7554452654481, "ZZ1": -86.68017011069077}, "TProbe@mark": {"X": -490.4542904180918, "Y": -306.96599643952885, "ZZ3": -65.38773212389407}, "TProbe@TP_init": {"X": -200, "Y": -250, "ZZ3": -50}, "camera@mark": {"X": -620.5721223337558, "Y": -302.80982042505775, "ZZ4": -9.87178850806064}, "safeZZ1": {"ZZ1": -75.83016972082783}, "safeZZ2": {"ZZ2": -0.001805960503680776}, "safeZZ3": {"ZZ3": -49.640644716420006}, "safeZZ4": {"ZZ4": -9.87178748572177}, "nAgPMMAslide@start": {"X": -302.4510368348875, "Y": -294.6676789158593, "ZZ1": -95.00016940449422}, "TProbe@start": {"X": -484.4542988552984, "Y": -300.96602177343556, "ZZ3": -65.34773238054932}, "TProbeslide@start": {"X": -484.4542988552984, "Y": -300.96602177343556, "ZZ3": -65.34773238054932}, "TProbe@cal": {"X": -349.2423926144868, "Y": -315.05378812302433, "ZZ3": -57.02773308674587}, "camera@start": {"X": -614.5721307709625, "Y": -296.80984575896446, "ZZ4": -9.831788764715895}, "cameraslide@start": {"X": -614.5721307709625, "Y": -296.80984575896446, "ZZ4": -9.831788764715895}, "camera@cal": {"X": -479.36022453015084, "Y": -310.89761210855323, "ZZ4": -1.511789470912447}}